mouse_id,file_name,high_image_quality,low_image_quality
30505332,Rtn4_2vX_19,31.76289189652221,68.2371081034778
30505332,Rtn4_2vX_21,47.07091469681398,52.92908530318602
30505332,Rtn4_2vX_22,15.313463514902365,84.68653648509763
30505332,Rtn4_2vX_20,73.53092341956484,26.46907658043516
30505332,Rtn4_2vX_23,47.07091469681398,52.92908530318602
30505333,Rtn4_2vX_14,94.7070914696814,5.292908530318601
30505333,Rtn4_2vX_15,73.53092341956484,26.46907658043516
30505333,Rtn4_2vX_16,100.0,0.0
30505333,Rtn4_2vX_12,15.298954942607503,84.7010450573925
