mouse_id,file_name,high_image_quality,low_image_quality
30504924,Foxd2_5v5_59,38.129496402877706,61.87050359712229
30504924,Foxd2_5v5_58,100.0,0.0
30504924,Foxd2_5v5_60,51.37913311632688,48.62086688367312
30504935,Foxd2_5v5_26,46.95905430872022,53.040945691279774
30504935,Foxd2_5v5_25,77.90339157245631,22.09660842754369
30504935,Foxd2_5v5_28,97.2250770811922,2.7749229188078064
