mouse_id,file_name,high_image_quality,low_image_quality
30515573,Acsf3_1vX_16,37.05035971223023,62.94964028776976
30515573,Acsf3_1vX_18,58.23196847695736,41.76803152304263
30515573,Acsf3_1vX_17,57.64947747130376,42.35052252869624
30516135,Acsf3_1vX_9,89.4141829393628,10.585817060637206
30516135,Acsf3_1vX_7,73.53092341956484,26.46907658043516
30516135,Acsf3_1vX_6,57.64947747130376,42.35052252869624
30516136,Acsf3_1vX_1,20.606372045220965,79.39362795477903
30516136,Acsf3_1vX_3,0.0,100.0
30516136,Acsf3_1vX_2,31.762891896522195,68.23710810347781
