mouse_id,file_name,high_image_quality,low_image_quality
30511288,Apoa4_1vX_10,51.37913311632688,48.62086688367312
30511288,Apoa4_1vX_7,0.0,100.0
30511288,Apoa4_1vX_9,55.80678314491263,44.19321685508736
30511288,Apoa4_1vX_8,29.278739078293647,70.72126092170635
